cohort_month,0,1,2,3,4,5,6,7,8,9,10,11
2025-01,100.0,22.391718877690003,24.897847997820758,25.79678561699809,23.8627077090711,24.434758921274856,24.570961590847183,25.52438027785345,24.38027785344593,24.7888858621629,23.590302369926448,25.279215472623264
2025-02,100.0,24.826254826254825,25.675675675675674,23.745173745173744,25.521235521235518,25.135135135135133,26.13899613899614,24.015444015444015,23.667953667953668,23.01158301158301,24.71042471042471,
2025-03,100.0,23.990825688073393,25.688073394495415,26.28440366972477,25.275229357798164,24.128440366972477,25.91743119266055,24.541284403669724,23.990825688073393,26.376146788990823,,
2025-04,100.0,22.214897824653924,24.324324324324326,25.774555042847723,26.631509558338827,23.137771918259723,24.192485168094922,24.588002636783123,23.137771918259723,,,
2025-05,100.0,24.232633279483036,25.282714054927304,25.20193861066236,23.909531502423263,25.44426494345719,24.07108239095315,25.525040387722132,,,,
2025-06,100.0,26.10571736785329,21.68284789644013,24.59546925566343,23.73247033441208,23.300970873786408,24.05609492988134,,,,,
2025-07,100.0,26.70299727520436,26.158038147138964,25.74931880108992,24.250681198910083,23.841961852861036,,,,,,
2025-08,100.0,23.371647509578544,23.18007662835249,23.371647509578544,23.754789272030653,,,,,,,
2025-09,100.0,27.577319587628867,18.298969072164947,23.969072164948454,,,,,,,,
2025-10,100.0,24.115755627009648,29.581993569131832,,,,,,,,,
2025-11,100.0,21.71945701357466,,,,,,,,,,
2025-12,100.0,,,,,,,,,,,
